{
    "K": {
        "fx": 1033.0938,
        "fy": 1036.5565,
        "u0": 645.722,
        "v0": 363.978,
        "w": 1280,
        "h": 720
    },    
    "PlanePara":
    [
        [-0.027064788388931057, -0.9996335194848446, -0.0005691676424002619, 1.125604323084415]
    ],
    "Points":
    [
        [-3.66772169,  1.21591909, 16.51000223],
        [-3.70140445,  1.212066,   24.87888067],
        [ -1.53029072,  1.15720468, 17.9924626],
        [-1.22782697,  1.15482665,  7.78641249],
        [-2.34565097,  1.18371707, 10.2001688]
    ],
    "images":
    [
        "img_00128.jpg",
        "img_00154.jpg",
        "img_00178.jpg",
        "img_00192.jpg",
        "img_00207.jpg",
        "img_00231.jpg"
    ],
    "Pose": 
    [
        [0.846593192875799,-0.01049880849030043,0.5321369568040207,-0.09778573366303636,0.9797183440324282,0.17489973315685325,-0.5231805769219094,-0.20010432625668229,0.8283962473025921,2.905322072374179,1.2154211330594622,5.424624728388179],
        [0.8821652797722285,-0.011655747954995195,0.4707956698016621,-0.09887079554253778,0.9728301959481305,0.2093465443715465,-0.4604443342611262,-0.23122619529614682,0.8570446089065006,2.2658688928292383,1.2121782366132476,4.823051161269426],
        [0.9301183137594934,-0.010105186561753573,0.36712097136195965,-0.07112739430339358,0.9757387437917742,0.207062303771739,-0.36030655862585437,-0.21870479891443284,0.9068337194563242,1.5338189623893723,1.0288193904899232,4.343938009586238],
        [0.9609730305062277,-0.0069965806236168375,0.2765535797982987,-0.0442033319296468,0.9829526009680292,0.1784663825388519,-0.2730877150037954,-0.1837259701560005,0.9442816676205475,1.0422530532922332,0.7738087067843595,4.03058932039022],
        [0.9839517144009157,-0.004502927566326027,0.17837810227388157,-0.019198128350694597,0.9912069581317825,0.13092057905069432,-0.17739914203662088,-0.13224405390969857,0.9752133379985117,0.5843151599369413,0.48223273354574836,3.6835062018831266],
        [0.9988172398363254,-0.004160113904096,0.04844393520399817,0.001213581394715907,0.9981556332032857,0.060694803111519466,-0.04860708411273634,-0.0605642250578067,0.9969801031200195,0.15170582459358345,0.15884897952221363,2.989010936043478]
    ]
}